Pop growth,Pop growth 2004,Price index,Carbon Dioxide 2003,Export 1990,Export 2004,Elec 2003,GDP,GDP PPP,GDP pc,GDP pc growth rate,Fem Econo Rate,Fem Econo 1990,Fem Econo 2004,Health Exp,Babies,Internet 1990,Import 1990,Import 2004,Tertiary female ratio,Babies immunized,Manufactured Exp 2004,Foreign invest 2004,Military 2004,Public Health 2003,Private Health 2003,Primary export 2004,Public Health,Refugees asylum,Refugees origin,Armed forces,Parliament Seats Women,Female Male income,House women 2006,Pop 1975,Pop 2004,Pop 2015,Tuberculosis detected,Tuberculosis cured 2004,Trad fuel,ODA pc donnor 2004,ODA to least dev 1990,ODA to least dev 2004,ODA received,ODA received pc
-1.287612,-0.566285,-0.346799,0.446350,-0.634321,-0.658176,0.452503,1.224276,0.954300,1.441375,-0.188595,-1.036400,-0.127758,-0.398271,1.449884,-0.832428,0.445895,-0.843539,-0.902365,0.515980,-0.064062,1.333701,-0.200360,-0.100759,1.382398,-0.411025,-1.326007,1.375946,-0.267481,-0.319025,0.227308,-0.039787,-0.451386,0.097675,0.278346,0.094471,0.050571,-0.018284,1.448355,0.094675,0.210118,2.576042,1.989095,-0.797355,-0.779256
-1.011355,-0.731246,-0.342934,0.393665,-0.797530,-0.695224,0.514998,0.761430,0.599915,1.158189,0.219238,-0.629909,0.956543,-0.209632,1.120831,-0.832428,0.445895,-0.843539,-0.782293,0.320278,0.664856,1.034767,-0.177117,-0.505818,1.053300,-0.355637,-1.055170,1.047779,-0.358210,-0.319025,0.100787,1.150176,-0.227497,1.597057,0.111515,0.008867,-0.016802,0.145171,0.358472,0.009143,0.341586,1.327427,1.070403,-0.797355,-0.779256
-0.958080,-0.763058,-0.342189,0.383505,-0.829004,-0.702368,0.527050,0.672172,0.531574,1.103577,0.297887,-0.551519,1.165645,-0.173254,1.057375,-0.832428,0.445895,-0.843539,-0.759138,0.282537,0.805424,0.977119,-0.172635,-0.583932,0.989835,-0.344955,-1.002940,0.984493,-0.375707,-0.319025,0.076388,1.379655,-0.184321,1.886206,0.079343,-0.007642,-0.029794,0.176692,0.148293,-0.007351,0.366939,1.086637,0.893238,-0.797355,-0.779256
-1.118670,-0.667165,-0.344436,0.414131,-0.734130,-0.680832,0.490721,0.941228,0.737580,1.268196,0.060811,-0.787815,0.535333,-0.282911,1.248655,-0.832428,0.445895,-0.843539,-0.828936,0.396301,0.381699,1.150892,-0.186146,-0.348468,1.181142,-0.377153,-1.160380,1.175259,-0.322965,-0.319025,0.149935,0.687921,-0.314469,1.014605,0.176323,0.042121,0.009370,0.081675,0.781850,0.042369,0.290516,1.812466,1.427279,-0.797355,-0.779256
-1.012333,-0.730663,-0.342948,0.393852,-0.796953,-0.695092,0.514777,0.763068,0.601170,1.159191,0.217795,-0.631348,0.952704,-0.210300,1.121996,-0.832428,0.445895,-0.843539,-0.782718,0.320970,0.662276,1.035825,-0.177200,-0.504385,1.054465,-0.355833,-1.056129,1.048940,-0.357889,-0.319025,0.101235,1.145964,-0.228289,1.591750,0.112106,0.009170,-0.016563,0.144592,0.362330,0.009446,0.341121,1.331847,1.073655,-0.797355,-0.779256
-1.075664,-0.692846,-0.343834,0.405929,-0.759537,-0.686599,0.500450,0.869174,0.682412,1.224111,0.124300,-0.724535,0.704132,-0.253545,1.197430,-0.832428,0.445895,-0.843539,-0.810244,0.365835,0.495173,1.104355,-0.182528,-0.411526,1.129909,-0.368530,-1.118217,1.124172,-0.337090,-0.319025,0.130239,0.873168,-0.279615,1.248021,0.150351,0.028794,-0.001118,0.107121,0.612182,0.029054,0.310982,1.618088,1.284262,-0.797355,-0.779256
-1.203140,-0.616726,-0.345618,0.430240,-0.684227,-0.669504,0.471613,1.082749,0.845938,1.354784,-0.063890,-0.912105,0.203795,-0.340590,1.349267,-0.832428,0.445895,-0.843539,-0.865650,0.456139,0.158823,1.242295,-0.193253,-0.224616,1.281768,-0.394089,-1.243192,1.275601,-0.295224,-0.319025,0.188621,0.324074,-0.382926,0.556149,0.227333,0.068295,0.029970,0.031697,1.115096,0.068521,0.250318,2.194246,1.708181,-0.797355,-0.779256
-1.195299,-0.621408,-0.345508,0.428745,-0.688859,-0.670556,0.473386,1.069613,0.835880,1.346747,-0.052315,-0.900568,0.234568,-0.335236,1.339929,-0.832428,0.445895,-0.843539,-0.862242,0.450585,0.179510,1.233811,-0.192593,-0.236112,1.272428,-0.392517,-1.235505,1.266287,-0.297799,-0.319025,0.185030,0.357846,-0.376572,0.598703,0.222598,0.065866,0.028058,0.036336,1.084164,0.066094,0.254049,2.158810,1.682108,-0.797355,-0.779256
-1.055951,-0.704617,-0.343558,0.402170,-0.771184,-0.689243,0.504909,0.836147,0.657124,1.203903,0.153402,-0.695529,0.781504,-0.240084,1.173950,-0.832428,0.445895,-0.843539,-0.801676,0.351870,0.547187,1.083024,-0.180869,-0.440430,1.106426,-0.364578,-1.098891,1.100755,-0.343564,-0.319025,0.121211,0.958080,-0.263639,1.355012,0.138447,0.022686,-0.005926,0.118784,0.534412,0.022950,0.320363,1.528991,1.218707,-0.797355,-0.779256
-1.135089,-0.657362,-0.344665,0.417262,-0.724430,-0.678630,0.487007,0.968735,0.758642,1.285026,0.036572,-0.811973,0.470892,-0.294122,1.268211,-0.832428,0.445895,-0.843539,-0.836072,0.407931,0.338378,1.168658,-0.187528,-0.324395,1.200701,-0.380445,-1.176476,1.194763,-0.317573,-0.319025,0.157455,0.617200,-0.327775,0.925494,0.186238,0.047208,0.013374,0.071961,0.846623,0.047452,0.282703,1.886673,1.481879,-0.797355,-0.779256
-0.350937,-0.407802,-0.194343,0.112156,-0.756518,-0.611068,0.099580,0.498046,0.503117,0.440666,0.053376,-0.693450,0.815133,-0.638135,0.420625,-0.561408,0.068677,-0.843539,-0.681848,0.034912,0.786666,1.021197,-0.148042,-0.788715,0.317705,0.035001,-1.013795,0.314264,-0.384760,-0.306683,0.155817,1.123407,-0.562104,1.410929,0.199790,0.208503,0.202184,0.342871,0.293599,0.208632,0.017806,0.319863,0.225732,-0.660591,-0.766635
-0.200304,-0.317854,-0.157312,0.044442,-0.737449,-0.587982,-0.007898,0.456968,0.497947,0.276094,-0.010160,-0.731270,0.721287,-0.755687,0.262864,-0.493485,-0.025861,-0.843539,-0.663142,-0.026065,0.777931,1.033898,-0.142007,-0.837796,0.151077,0.129919,-1.018015,0.148108,-0.386527,-0.303590,0.176423,1.052601,-0.658023,1.283518,0.230900,0.263147,0.260695,0.383614,0.336047,0.263235,-0.070421,0.134605,0.063527,-0.626315,-0.763471
-0.656119,-0.590034,-0.269369,0.249344,-0.795153,-0.657841,0.317330,0.581269,0.513593,0.774086,0.182100,-0.616826,1.005264,-0.399974,0.740247,-0.699019,0.260211,-0.843539,-0.719746,0.158450,0.804363,0.995465,-0.160269,-0.689278,0.655291,-0.157302,-1.005247,0.650896,-0.381180,-0.312950,0.114068,1.266860,-0.367773,1.669065,0.136762,0.097795,0.083641,0.260326,0.207599,0.098007,0.196554,0.695196,0.554360,-0.730033,-0.773043
-0.255188,-0.350627,-0.170804,0.069114,-0.744397,-0.596393,0.031262,0.471935,0.499830,0.336056,0.012990,-0.717490,0.755480,-0.712856,0.320345,-0.518233,0.008584,-0.843539,-0.669958,-0.003848,0.781113,1.029270,-0.144206,-0.819913,0.211789,0.095335,-1.016477,0.208648,-0.385883,-0.304717,0.168915,1.078399,-0.623074,1.329941,0.219565,0.243238,0.239377,0.368769,0.320581,0.243341,-0.038275,0.202105,0.122627,-0.638804,-0.764624
0.204349,-0.076224,-0.057832,-0.137461,-0.686221,-0.525963,-0.296622,0.346619,0.484056,-0.166002,-0.180840,-0.832869,0.469184,-1.071473,-0.160937,-0.311020,-0.279825,-0.843539,-0.612892,-0.189870,0.754465,1.068018,-0.125795,-0.969645,-0.296543,0.384901,-1.029349,-0.298246,-0.391273,-0.295280,0.231780,0.862390,-0.915694,0.941245,0.314472,0.409940,0.417877,0.493064,0.450077,0.409918,-0.307430,-0.363064,-0.372215,-0.534239,-0.754974
-0.377010,-0.423370,-0.200753,0.123876,-0.759819,-0.615064,0.118183,0.505156,0.504012,0.469151,0.064374,-0.686904,0.831377,-0.617788,0.447931,-0.573164,0.085040,-0.843539,-0.685086,0.045466,0.788178,1.018999,-0.149086,-0.780220,0.346546,0.018572,-1.013065,0.343024,-0.384454,-0.307218,0.152250,1.135663,-0.545502,1.432983,0.194406,0.199045,0.192057,0.335819,0.286251,0.199181,0.033077,0.351929,0.253808,-0.666524,-0.767182
0.118360,-0.127571,-0.078971,-0.098806,-0.697107,-0.539142,-0.235268,0.370068,0.487008,-0.072057,-0.144571,-0.811279,0.522756,-1.004369,-0.070879,-0.349794,-0.225857,-0.843539,-0.623570,-0.155062,0.759451,1.060767,-0.129240,-0.941627,-0.201424,0.330718,-1.026941,-0.203396,-0.390264,-0.297046,0.220016,0.902810,-0.860939,1.013978,0.296713,0.378747,0.384476,0.469806,0.425846,0.378748,-0.257066,-0.257309,-0.279619,-0.553805,-0.756779
-0.438846,-0.460295,-0.215955,0.151674,-0.767647,-0.624542,0.162304,0.522019,0.506135,0.536709,0.090456,-0.671378,0.869901,-0.569531,0.512694,-0.601047,0.123849,-0.843539,-0.692765,0.070498,0.791764,1.013785,-0.151564,-0.760072,0.414948,-0.020393,-1.011333,0.411233,-0.383729,-0.308488,0.143791,1.164729,-0.506126,1.485287,0.181635,0.176613,0.168037,0.319093,0.268826,0.176766,0.069295,0.427980,0.320395,-0.680594,-0.768481
-0.538445,-0.519768,-0.240440,0.196446,-0.780256,-0.639806,0.233369,0.549180,0.509553,0.645525,0.132466,-0.646371,0.931953,-0.491805,0.617006,-0.645958,0.186358,-0.843539,-0.705133,0.110816,0.797540,1.005386,-0.155554,-0.727619,0.525123,-0.083153,-1.008543,0.521096,-0.382561,-0.310533,0.130165,1.211547,-0.442704,1.569532,0.161065,0.140483,0.129349,0.292154,0.240759,0.140662,0.127631,0.550473,0.427646,-0.703257,-0.770572
-0.189944,-0.311668,-0.154765,0.039785,-0.736137,-0.586394,-0.015290,0.454143,0.497591,0.264775,-0.014530,-0.733871,0.714833,-0.763772,0.252013,-0.488813,-0.032364,-0.843539,-0.661856,-0.030259,0.777330,1.034772,-0.141592,-0.841172,0.139617,0.136447,-1.018305,0.136680,-0.386648,-0.303377,0.177840,1.047731,-0.664620,1.274755,0.233040,0.266906,0.264720,0.386416,0.338966,0.266991,-0.076489,0.121863,0.052370,-0.623958,-0.763254
-0.895539,-0.968916,-0.288407,0.533035,-0.765919,-0.854567,0.417729,0.167007,0.092394,0.816689,0.406880,-0.611750,0.828579,-0.130548,1.143869,-0.594893,-0.050024,-0.574215,-0.756487,0.211577,0.409120,0.570761,-0.200613,0.547318,0.848094,0.833146,-0.620691,0.843153,-0.391612,-0.319025,0.113542,0.224115,0.049332,0.412225,-0.107502,-0.152628,-0.167696,0.180301,0.124226,-0.152553,0.254139,0.087257,0.722795,-0.797355,-0.779256
-0.879065,-1.027938,-0.272734,0.577019,-0.746454,-0.898752,0.385418,0.022545,-0.033509,0.734778,0.436064,-0.631950,0.723208,-0.119299,1.171235,-0.525561,-0.194771,-0.495605,-0.756487,0.192127,0.288750,0.454081,-0.208930,0.880115,0.808844,1.176650,-0.510867,0.804015,-0.395670,-0.319025,0.125203,-0.120830,0.116087,-0.027661,-0.160962,-0.194394,-0.207512,0.180301,0.124226,-0.194383,0.220368,-0.196391,0.678968,-0.797355,-0.779256
-0.932557,-0.836286,-0.323626,0.434197,-0.809660,-0.755278,0.490336,0.491635,0.375314,1.000754,0.341300,-0.566357,1.065361,-0.155826,1.082372,-0.750689,0.275243,-0.750861,-0.756487,0.255285,0.679608,0.832956,-0.181926,-0.200521,0.936293,0.061246,-0.867481,0.931103,-0.382494,-0.319025,0.087341,0.999254,-0.100675,1.400707,0.012631,-0.058773,-0.078224,0.180301,0.124226,-0.058556,0.330027,0.724653,0.821280,-0.797355,-0.779256
-0.909860,-0.917607,-0.302032,0.494799,-0.782841,-0.816156,0.445818,0.292593,0.201844,0.887896,0.381510,-0.594189,0.920180,-0.140327,1.120078,-0.655164,0.075809,-0.642552,-0.756487,0.228486,0.513761,0.672194,-0.193384,0.258009,0.882215,0.534529,-0.716164,0.877178,-0.388085,-0.319025,0.103406,0.523986,-0.008700,0.794629,-0.061027,-0.116319,-0.133083,0.180301,0.124226,-0.116189,0.283497,0.333840,0.760895,-0.797355,-0.779256
-0.903716,-0.939618,-0.296187,0.511201,-0.775582,-0.832634,0.433769,0.238719,0.154892,0.857350,0.392393,-0.601722,0.880885,-0.136132,1.130284,-0.629309,0.021830,-0.613237,-0.756487,0.221232,0.468873,0.628681,-0.196485,0.382116,0.867578,0.662629,-0.675208,0.862582,-0.389598,-0.319025,0.107754,0.395348,0.016195,0.630586,-0.080964,-0.131895,-0.147931,0.180301,0.124226,-0.131789,0.270903,0.228061,0.744551,-0.797355,-0.779256
-0.887132,-0.999035,-0.280409,0.555479,-0.755987,-0.877114,0.401241,0.093290,0.028147,0.774891,0.421773,-0.622057,0.774809,-0.124808,1.157833,-0.559514,-0.123886,-0.534101,-0.756487,0.201652,0.347697,0.511221,-0.204857,0.717140,0.828066,1.008431,-0.564649,0.823182,-0.393683,-0.319025,0.119492,0.048095,0.083397,0.187757,-0.134782,-0.173940,-0.188014,0.180301,0.124226,-0.173898,0.236906,-0.057485,0.700431,-0.797355,-0.779256
-0.948300,-0.779883,-0.338603,0.392165,-0.828261,-0.713054,0.521214,0.629688,0.495630,1.079031,0.313411,-0.547054,1.166056,-0.166576,1.056220,-0.816944,0.413569,-0.825983,-0.756487,0.273872,0.794638,0.944460,-0.173979,-0.518553,0.973802,-0.267018,-0.972433,0.968506,-0.378616,-0.319025,0.076198,1.328895,-0.164469,1.821077,0.063720,-0.018860,-0.040174,0.180301,0.124226,-0.018582,0.362300,0.995717,0.863163,-0.797355,-0.779256
-0.912328,-0.908765,-0.304379,0.488210,-0.785757,-0.809537,0.450658,0.314234,0.220705,0.900167,0.377138,-0.591163,0.935965,-0.142012,1.115978,-0.665550,0.097493,-0.654328,-0.756487,0.231400,0.531794,0.689674,-0.192138,0.208153,0.888095,0.483069,-0.732617,0.883041,-0.387477,-0.319025,0.101659,0.575661,-0.018700,0.860527,-0.053018,-0.110062,-0.127118,0.180301,0.124226,-0.109923,0.288556,0.376333,0.767461,-0.797355,-0.779256
-0.928391,-0.851212,-0.319662,0.445320,-0.804737,-0.766452,0.482165,0.455102,0.343474,0.980040,0.348680,-0.571466,1.038713,-0.152981,1.089293,-0.733156,0.238638,-0.730982,-0.756487,0.250366,0.649168,0.803449,-0.184029,-0.116360,0.926368,0.148115,-0.839707,0.921206,-0.383520,-0.319025,0.090290,0.912021,-0.083794,1.289464,-0.000888,-0.069335,-0.088293,0.180301,0.124226,-0.069134,0.321487,0.652922,0.810197,-0.797355,-0.779256
-1.175616,-1.033781,-0.371306,0.567156,0.136283,0.296510,0.917263,0.076458,-0.033316,1.826234,0.174833,-0.231760,0.496045,0.339939,1.439675,-0.675563,0.445895,-0.087645,-0.022083,0.225407,-0.570453,1.175846,-0.180484,-0.738612,0.804959,-0.224164,-1.172359,0.800141,-0.279781,-0.319025,-0.258500,1.557563,-0.541864,1.737573,-0.178986,-0.215928,-0.227192,-0.560690,-0.684535,-0.216085,0.664561,3.818662,1.401805,-0.797355,-0.779256
-1.141248,-0.992736,-0.366818,0.538754,-0.012616,0.142877,0.857507,0.166437,0.052294,1.714215,0.195128,-0.279521,0.602629,0.261711,1.379806,-0.699670,0.445895,-0.203810,-0.134946,0.233523,-0.356535,1.144291,-0.179199,-0.716216,0.832254,-0.242539,-1.145403,0.827358,-0.294831,-0.319025,-0.207464,1.534260,-0.486157,1.765503,-0.139852,-0.184209,-0.197084,-0.446814,-0.560245,-0.184297,0.619269,3.394567,1.320531,-0.797355,-0.779256
-1.193228,-1.054814,-0.373606,0.581711,0.212587,0.375240,0.947885,0.030349,-0.077186,1.883638,0.164433,-0.207285,0.441427,0.380026,1.470354,-0.663210,0.445895,-0.028116,0.035754,0.221248,-0.680075,1.192016,-0.181143,-0.750090,0.790972,-0.214748,-1.186172,0.786193,-0.272069,-0.319025,-0.284654,1.569504,-0.570411,1.723260,-0.199040,-0.232182,-0.242620,-0.619045,-0.748228,-0.232375,0.687771,4.035988,1.443454,-0.797355,-0.779256
-1.035702,-0.866687,-0.353036,0.451530,-0.469888,-0.328933,0.673996,0.442762,0.315202,1.370203,0.257454,-0.426196,0.929950,0.021474,1.195949,-0.773703,0.445895,-0.560558,-0.481551,0.258446,0.300413,1.047386,-0.175252,-0.647435,0.916077,-0.298970,-1.062623,0.910944,-0.341049,-0.319025,-0.050731,1.462698,-0.315080,1.851278,-0.019671,-0.086800,-0.104624,-0.097101,-0.178547,-0.086676,0.480175,2.092165,1.070936,-0.797355,-0.779256
-1.091900,-0.933802,-0.360375,0.497972,-0.226414,-0.077718,0.771706,0.295633,0.175217,1.553372,0.224268,-0.348099,0.755668,0.149389,1.293844,-0.734284,0.445895,-0.370608,-0.297001,0.245176,-0.049379,1.098983,-0.177354,-0.684057,0.871445,-0.268924,-1.106699,0.866439,-0.316440,-0.319025,-0.134183,1.500801,-0.406170,1.805607,-0.083662,-0.138665,-0.153854,-0.283306,-0.381782,-0.138654,0.554235,2.785628,1.203833,-0.797355,-0.779256
-1.096843,-0.939705,-0.361020,0.502057,-0.204999,-0.055622,0.780300,0.282692,0.162904,1.569483,0.221350,-0.341230,0.740339,0.160639,1.302454,-0.730817,0.445895,-0.353900,-0.280769,0.244009,-0.080145,1.103521,-0.177539,-0.687279,0.867520,-0.266281,-1.110576,0.862524,-0.314275,-0.319025,-0.141523,1.504153,-0.414182,1.801590,-0.089290,-0.143227,-0.158185,-0.299683,-0.399658,-0.143226,0.560749,2.846622,1.215522,-0.797355,-0.779256
-1.200128,-1.063055,-0.374507,0.587413,0.242481,0.406085,0.959882,0.012284,-0.094374,1.906128,0.160358,-0.197696,0.420028,0.395732,1.482374,-0.658370,0.445895,-0.004793,0.058413,0.219619,-0.723024,1.198352,-0.181401,-0.754586,0.785492,-0.211059,-1.191584,0.780728,-0.269047,-0.319025,-0.294900,1.574183,-0.581595,1.717653,-0.206897,-0.238550,-0.248665,-0.641908,-0.773182,-0.238757,0.696864,4.121134,1.459772,-0.797355,-0.779256
-0.971052,-0.789478,-0.344594,0.398103,-0.749979,-0.617930,0.561590,0.612019,0.476241,1.159487,0.295631,-0.516038,1.130442,-0.125677,1.083331,-0.819050,0.445895,-0.779075,-0.693855,0.273712,0.702810,0.988029,-0.172835,-0.605305,0.967421,-0.333535,-1.011918,0.962143,-0.369358,-0.319025,0.045272,1.418864,-0.210291,1.903817,0.053942,-0.027134,-0.047990,0.117108,0.055253,-0.026880,0.394976,1.294409,0.918052,-0.797355,-0.779256
-1.029360,-0.859113,-0.352208,0.446289,-0.497363,-0.357282,0.662970,0.459365,0.330999,1.349533,0.261199,-0.435009,0.949616,0.007040,1.184902,-0.778151,0.445895,-0.581993,-0.502376,0.259944,0.339885,1.041563,-0.175015,-0.643303,0.921113,-0.302361,-1.057649,0.915966,-0.343826,-0.319025,-0.041314,1.458398,-0.304801,1.856431,-0.012450,-0.080947,-0.099069,-0.076088,-0.155613,-0.080810,0.471818,2.013911,1.055939,-0.797355,-0.779256
-1.000304,-0.824413,-0.348414,0.422278,-0.623244,-0.487165,0.612451,0.535434,0.403374,1.254831,0.278357,-0.475387,1.039724,-0.059094,1.134288,-0.798532,0.445895,-0.680200,-0.597792,0.266805,0.520734,1.014887,-0.173929,-0.624368,0.944189,-0.317895,-1.034861,0.938976,-0.356549,-0.319025,0.001833,1.438697,-0.257705,1.880044,0.020634,-0.054131,-0.073616,0.020183,-0.050536,-0.053937,0.433527,1.655376,0.987229,-0.797355,-0.779256
-0.793410,-0.604382,-0.318651,0.213858,-0.912906,-0.715338,0.325490,0.450881,0.406272,0.701708,0.173125,-0.394401,1.268621,-0.122683,0.844706,-0.784760,0.246857,-1.046216,-0.900890,0.433340,0.784739,0.542668,-0.158145,-0.592877,0.820653,0.092278,-0.561676,0.815790,-0.381430,-0.315769,0.001915,1.568558,-0.124301,1.893017,0.049128,-0.017190,-0.034086,0.201746,-0.166224,-0.017033,0.184091,0.669026,0.531447,-0.743009,-0.764726
-0.665358,-0.473302,-0.299711,0.077800,-0.977750,-0.725150,0.161607,0.280433,0.311404,0.382231,0.065102,-0.274770,1.332443,-0.085210,0.678834,-0.746266,0.086124,-1.209886,-1.017503,0.558610,0.755036,0.197160,-0.146859,-0.592877,0.689901,0.444374,-0.210167,0.685408,-0.384434,-0.313139,-0.055969,1.699886,-0.079825,1.871780,0.027704,-0.023374,-0.036350,0.219064,-0.400775,-0.023325,0.034089,0.354054,0.255668,-0.699122,-0.752992
-0.731859,-0.541375,-0.309547,0.148459,-0.944075,-0.720054,0.246716,0.368951,0.360672,0.548144,0.121202,-0.336898,1.299299,-0.104671,0.764976,-0.766257,0.169597,-1.124887,-0.956943,0.493554,0.770461,0.376592,-0.152720,-0.592877,0.757804,0.261520,-0.392716,0.753119,-0.382874,-0.314505,-0.025908,1.631684,-0.102923,1.882809,0.038830,-0.020162,-0.035174,0.210070,-0.278966,-0.020057,0.111989,0.517628,0.398888,-0.721914,-0.759085
-0.718863,-0.528071,-0.307625,0.134650,-0.950656,-0.721050,0.230083,0.351652,0.351043,0.515719,0.110238,-0.324756,1.305776,-0.100867,0.748141,-0.762350,0.153284,-1.141499,-0.968778,0.506268,0.767447,0.341525,-0.151575,-0.592877,0.744534,0.297256,-0.357039,0.739886,-0.383179,-0.314238,-0.031783,1.645013,-0.098408,1.880653,0.036656,-0.020790,-0.035404,0.211828,-0.302771,-0.020696,0.096765,0.485660,0.370898,-0.717460,-0.757895
-0.453361,-0.256291,-0.268356,-0.147451,-1.085103,-0.741396,-0.109710,-0.001754,0.154346,-0.146682,-0.113736,-0.076715,1.438104,-0.023170,0.404225,-0.682538,-0.179977,-1.480851,-1.210561,0.766002,0.705861,-0.374847,-0.128173,-0.592877,0.473433,1.027291,0.371778,0.469552,-0.389407,-0.308786,-0.151798,1.917306,-0.006192,1.836620,-0.007766,-0.033611,-0.040098,0.247734,-0.789087,-0.033743,-0.214249,-0.167402,-0.200900,-0.626465,-0.733565
-0.910390,-0.724128,-0.335952,0.338151,-0.853669,-0.706373,0.475202,0.606591,0.492936,0.993561,0.271808,-0.503688,1.210317,-0.156917,0.996235,-0.819925,0.393691,-0.896697,-0.794361,0.318902,0.811873,0.858301,-0.168456,-0.592877,0.940100,-0.229375,-0.882793,0.934900,-0.378686,-0.318171,0.054794,1.448586,-0.164932,1.912418,0.068701,-0.011541,-0.032017,0.185926,0.048046,-0.011284,0.321123,0.956765,0.783380,-0.783101,-0.775445
-0.828586,-0.640389,-0.323853,0.251233,-0.895094,-0.712642,0.370508,0.497703,0.432332,0.789468,0.202799,-0.427263,1.251089,-0.132977,0.890270,-0.795334,0.291010,-1.001256,-0.868857,0.398929,0.792898,0.637578,-0.161246,-0.592877,0.856571,-0.004443,-0.658236,0.851606,-0.380605,-0.316491,0.017816,1.532483,-0.136519,1.898851,0.055014,-0.015491,-0.033464,0.196989,-0.101793,-0.015304,0.225296,0.755549,0.607203,-0.755065,-0.767949
-0.555581,-0.360929,-0.283475,-0.038840,-1.033340,-0.733563,0.021113,0.134310,0.230076,0.108348,-0.027504,-0.172213,1.387157,-0.053084,0.536635,-0.713266,-0.051669,-1.350197,-1.117473,0.666002,0.729572,-0.099038,-0.137183,-0.592877,0.577809,0.746221,0.091178,0.573633,-0.387009,-0.310885,-0.105591,1.812471,-0.041696,1.853573,0.009337,-0.028675,-0.038290,0.233910,-0.601851,-0.028720,-0.094506,0.084032,0.019247,-0.661499,-0.742932
-0.740152,-0.549864,-0.310773,0.157270,-0.939876,-0.719419,0.257329,0.379989,0.366815,0.568833,0.128197,-0.344645,1.295165,-0.107098,0.775718,-0.768750,0.180006,-1.114288,-0.949391,0.485442,0.772385,0.398967,-0.153451,-0.592877,0.766272,0.238719,-0.415479,0.761563,-0.382679,-0.314675,-0.022159,1.623179,-0.105803,1.884184,0.040218,-0.019762,-0.035027,0.208949,-0.263776,-0.019650,0.121703,0.538025,0.416747,-0.724756,-0.759845
-1.037761,-0.792312,-0.346304,0.468228,-0.731252,-0.714690,0.550273,0.906289,0.678115,1.301851,0.294229,-0.353212,0.865371,0.035924,1.182713,-0.742174,0.445895,-0.753998,-0.768914,0.354176,0.542951,0.962080,-0.150471,-0.355301,1.161398,-0.532918,-1.022189,1.155571,0.129391,-0.319025,0.136095,1.098018,0.081324,1.513494,0.127462,0.019638,-0.004742,0.180301,0.124226,0.019814,0.605355,1.280613,1.272321,-0.797355,-0.779256
-1.051641,-0.796457,-0.346984,0.482125,-0.714851,-0.716551,0.553808,0.945826,0.703094,1.334946,0.292180,-0.322576,0.812908,0.069097,1.204170,-0.727570,0.445895,-0.739510,-0.770925,0.366467,0.497875,0.960714,-0.146967,-0.316858,1.190335,-0.563530,-1.026271,1.184426,0.211447,-0.319025,0.146208,1.048193,0.123508,1.447827,0.135844,0.024358,-0.000447,0.180301,0.124226,0.024516,0.643464,1.316462,1.336944,-0.797355,-0.779256
-1.060841,-0.799203,-0.347434,0.491337,-0.703980,-0.717785,0.556151,0.972033,0.719651,1.356882,0.290822,-0.302270,0.778135,0.091085,1.218392,-0.717890,0.445895,-0.729906,-0.772258,0.374614,0.467998,0.959809,-0.144645,-0.291377,1.209515,-0.583821,-1.028977,1.203552,0.265836,-0.319025,0.152912,1.015168,0.151470,1.404300,0.141400,0.027487,0.002399,0.180301,0.124226,0.027632,0.668724,1.340224,1.379778,-0.797355,-0.779256
-1.238408,-0.852219,-0.356129,0.669121,-0.494172,-0.741598,0.601367,1.477813,1.039191,1.780253,0.264608,0.089644,0.107004,0.515460,1.492884,-0.531065,0.445895,-0.544557,-0.797984,0.531851,-0.108641,0.942342,-0.099827,0.200406,1.579694,-0.975435,-1.081202,1.572684,1.315536,-0.319025,0.282288,0.377785,0.691120,0.564247,0.248632,0.087869,0.057338,0.180301,0.124226,0.087775,1.156236,1.798829,2.206475,-0.797355,-0.779256
-0.998090,-0.780468,-0.344361,0.428508,-0.778126,-0.709370,0.540171,0.793291,0.606726,1.207264,0.300086,-0.440771,1.015311,-0.058888,1.121388,-0.783914,0.445895,-0.795408,-0.763167,0.319047,0.671780,0.965982,-0.160484,-0.465172,1.078695,-0.445426,-1.010521,1.073102,-0.105126,-0.319025,0.107190,1.240418,-0.039242,1.701173,0.103505,0.006148,-0.017016,0.180301,0.124226,0.006378,0.496438,1.178154,1.087625,-0.797355,-0.779256
-1.191239,-0.838136,-0.353820,0.621894,-0.549905,-0.735272,0.589356,1.343457,0.954308,1.667788,0.271571,-0.014464,0.285283,0.402728,1.419967,-0.580693,0.445895,-0.593793,-0.791150,0.490082,0.044538,0.946982,-0.111732,0.069769,1.481359,-0.871406,-1.067329,1.474628,1.036693,-0.319025,0.247921,0.547100,0.547767,0.787400,0.220147,0.071829,0.042744,0.180301,0.124226,0.071798,1.026733,1.677005,1.986870,-0.797355,-0.779256
-1.138558,-0.822407,-0.351240,0.569148,-0.612152,-0.728207,0.575941,1.193400,0.859505,1.542181,0.279349,-0.130739,0.484397,0.276823,1.338530,-0.636121,0.445895,-0.648783,-0.783518,0.443433,0.215617,0.952164,-0.125029,-0.076135,1.371533,-0.755221,-1.051835,1.365112,0.725263,-0.319025,0.209537,0.736201,0.387661,1.036630,0.188333,0.053915,0.026445,0.180301,0.124226,0.053955,0.882096,1.540944,1.741603,-0.797355,-0.779256
-1.052053,-0.796579,-0.347004,0.482537,-0.714365,-0.716606,0.553913,0.946999,0.703835,1.335927,0.292119,-0.321668,0.811353,0.070081,1.204806,-0.727137,0.445895,-0.739080,-0.770985,0.366831,0.496539,0.960674,-0.146863,-0.315718,1.191193,-0.564438,-1.026392,1.185282,0.213880,-0.319025,0.146508,1.046716,0.124759,1.445879,0.136093,0.024498,-0.000320,0.180301,0.124226,0.024655,0.644594,1.317525,1.338860,-0.797355,-0.779256
-1.093657,-0.809001,-0.349041,0.524192,-0.665206,-0.722186,0.564507,1.065504,0.778704,1.435124,0.285977,-0.229841,0.654105,0.169512,1.269120,-0.683363,0.445895,-0.695652,-0.777013,0.403672,0.361431,0.956581,-0.136362,-0.200492,1.277926,-0.656194,-1.038629,1.271770,0.459827,-0.319025,0.176821,0.897376,0.251200,1.249053,0.161217,0.038646,0.012552,0.180301,0.124226,0.038747,0.758819,1.424977,1.532557,-0.797355,-0.779256
-1.038450,-0.792518,-0.346338,0.468918,-0.730437,-0.714782,0.550449,0.908254,0.679356,1.303495,0.294127,-0.351690,0.862765,0.037572,1.183779,-0.741449,0.445895,-0.753278,-0.769014,0.354786,0.540712,0.962012,-0.150296,-0.353391,1.162835,-0.534439,-1.022392,1.157005,0.133468,-0.319025,0.136597,1.095542,0.083419,1.510231,0.127878,0.019873,-0.004528,0.180301,0.124226,0.020048,0.607249,1.282394,1.275531,-0.797355,-0.779256
-1.003577,-0.828321,-0.368091,0.274102,-0.680194,-0.703186,0.772140,1.207652,0.858774,1.519127,0.124081,-0.373829,0.439528,0.324167,1.674506,-0.723853,0.445895,-0.751210,-0.846190,0.351319,0.360735,1.092334,-0.183698,-0.088520,1.658695,-0.260973,-1.077895,1.651461,0.181492,-0.319025,0.305603,0.381108,0.406048,0.493649,0.183300,0.063973,0.035954,0.180301,0.124226,0.063895,0.981814,1.636526,1.788073,-0.797355,-0.779256
-0.958864,-0.774923,-0.345571,0.367899,-0.812272,-0.703186,0.560948,0.734764,0.568451,1.153605,0.282500,-0.520031,1.089508,-0.103273,1.133422,-0.817941,0.445895,-0.831220,-0.768456,0.287970,0.760038,0.986772,-0.173666,-0.525581,1.072783,-0.332690,-1.007759,1.067207,-0.303096,-0.319025,0.104551,1.269190,-0.101264,1.729090,0.090022,0.000276,-0.022311,0.180301,0.124226,0.000518,0.451498,1.136115,0.995055,-0.797355,-0.779256
-0.952417,-0.767224,-0.342324,0.381424,-0.831316,-0.703186,0.530496,0.666578,0.526589,1.100900,0.305343,-0.541112,1.183229,-0.164906,1.055403,-0.831507,0.445895,-0.842756,-0.757247,0.278836,0.817614,0.971551,-0.172220,-0.588601,0.988300,-0.343031,-0.997646,0.982963,-0.372969,-0.319025,0.075561,1.397243,-0.174413,1.907228,0.076572,-0.008909,-0.030712,0.180301,0.124226,-0.008620,0.375031,1.063961,0.880710,-0.797355,-0.779256
-1.004959,-0.829972,-0.368788,0.271202,-0.676112,-0.703186,0.778668,1.222270,0.867748,1.530425,0.119184,-0.369310,0.419436,0.337379,1.691232,-0.720945,0.445895,-0.748737,-0.848593,0.353277,0.348392,1.095597,-0.184008,-0.075010,1.676806,-0.258756,-1.080063,1.669522,0.196472,-0.319025,0.311817,0.353655,0.421730,0.455459,0.186183,0.065942,0.037755,0.180301,0.124226,0.065854,0.998207,1.651995,1.812586,-0.797355,-0.779256
-0.968372,-0.786277,-0.350360,0.347955,-0.784188,-0.703186,0.605855,0.835317,0.630184,1.231328,0.248815,-0.488943,0.951299,-0.012384,1.248476,-0.797934,0.445895,-0.814207,-0.784985,0.301440,0.675132,1.009218,-0.175800,-0.432646,1.197369,-0.317440,-1.022672,1.191440,-0.200055,-0.319025,0.147302,1.080352,0.006609,1.466391,0.109856,0.013820,-0.009922,0.180301,0.124226,0.013995,0.564262,1.242521,1.163679,-0.797355,-0.779256
-0.957965,-0.773850,-0.345118,0.369785,-0.814927,-0.703186,0.556702,0.725257,0.562614,1.146257,0.285685,-0.522970,1.102575,-0.111866,1.122544,-0.819832,0.445895,-0.832828,-0.766893,0.286696,0.768065,0.984650,-0.173465,-0.534367,1.061004,-0.334132,-1.006349,1.055461,-0.312838,-0.319025,0.100509,1.287044,-0.111463,1.753926,0.088146,-0.001005,-0.023482,0.180301,0.124226,-0.000756,0.440836,1.126055,0.979113,-0.797355,-0.779256
-0.985458,-0.806684,-0.358966,0.312110,-0.733714,-0.703186,0.686562,1.016032,0.741131,1.371013,0.188275,-0.433072,0.702908,0.150963,1.455252,-0.761979,0.445895,-0.783631,-0.814691,0.325649,0.522538,1.049559,-0.179633,-0.265622,1.421276,-0.290033,-1.049475,1.414714,-0.014869,-0.319025,0.224134,0.740969,0.200479,0.994265,0.145502,0.038162,0.012344,0.180301,0.124226,0.038214,0.766923,1.433754,1.466732,-0.797355,-0.779256
-0.956263,-0.771817,-0.344261,0.373355,-0.819955,-0.703186,0.548663,0.707256,0.551562,1.132342,0.291716,-0.528536,1.127318,-0.128137,1.101947,-0.823414,0.445895,-0.835874,-0.763934,0.284285,0.783266,0.980631,-0.173083,-0.551005,1.038700,-0.336862,-1.003679,1.033221,-0.331284,-0.319025,0.092856,1.320850,-0.130774,1.800956,0.084595,-0.003430,-0.025700,0.180301,0.124226,-0.003168,0.420649,1.107006,0.948925,-0.797355,-0.779256
-1.026789,-0.856042,-0.379783,0.225407,-0.611627,-0.703186,0.881779,1.453148,1.009493,1.708884,0.041839,-0.297930,0.102097,0.546068,1.955406,-0.675009,0.445895,-0.709674,-0.886545,0.384206,0.153441,1.147136,-0.188906,0.138377,1.962866,-0.223742,-1.114306,1.954773,0.433062,-0.319025,0.409977,-0.079933,0.669415,-0.147720,0.231724,0.097041,0.066202,0.180301,0.124226,0.096797,1.257124,1.896311,2.199761,-0.797355,-0.779256
-0.954310,-0.769484,-0.343277,0.377453,-0.825725,-0.703186,0.539436,0.686596,0.538879,1.116373,0.298637,-0.534923,1.155715,-0.146812,1.078307,-0.827525,0.445895,-0.839369,-0.760538,0.281517,0.800711,0.976019,-0.172645,-0.570099,1.013102,-0.339995,-1.000615,1.007695,-0.352456,-0.319025,0.084072,1.359650,-0.152938,1.854931,0.080520,-0.006213,-0.028246,0.180301,0.124226,-0.005937,0.397480,1.085144,0.914279,-0.797355,-0.779256
-1.049664,-0.883362,-0.366704,0.913277,-0.630621,-0.414986,1.776331,0.223740,0.110186,1.566364,0.278051,-0.035477,0.280770,0.531291,1.193789,-1.037983,1.733351,-0.727007,-0.671572,0.255149,0.821520,1.085830,-0.169382,-0.561048,1.040752,-0.539585,-1.092727,1.035266,-0.349639,-0.319025,-0.168396,1.815014,0.651877,2.004372,-0.108464,-0.156556,-0.169953,0.180301,0.124226,-0.156307,0.899078,1.815938,1.219456,-0.797355,-0.779256
-1.025973,-0.855068,-0.360738,0.784510,-0.679609,-0.484882,1.473680,0.330018,0.210486,1.452609,0.285046,-0.158455,0.501184,0.361430,1.158942,-0.988130,1.421107,-0.755269,-0.692166,0.260743,0.821520,1.057864,-0.170047,-0.568768,1.026641,-0.492085,-1.069501,1.021195,-0.356447,-0.319025,-0.109707,1.715801,0.450275,1.983743,-0.063809,-0.120899,-0.136322,0.180301,0.124226,-0.120639,0.770724,1.632375,1.135419,-0.797355,-0.779256
-1.007356,-0.832835,-0.356049,0.683323,-0.718104,-0.539808,1.235852,0.413534,0.289304,1.363218,0.290543,-0.255092,0.674389,0.227950,1.131559,-0.948955,1.175741,-0.777478,-0.708350,0.265139,0.821520,1.035887,-0.170569,-0.574834,1.015552,-0.454759,-1.051249,1.010137,-0.361797,-0.319025,-0.063588,1.637837,0.291853,1.967533,-0.028719,-0.092878,-0.109893,0.180301,0.124226,-0.092611,0.669861,1.488129,1.069381,-0.797355,-0.779256
-0.978143,-0.797947,-0.348692,0.524546,-0.778509,-0.625995,0.862664,0.544582,0.412981,1.222950,0.299168,-0.406731,0.946173,0.018500,1.088591,-0.887483,0.790724,-0.812327,-0.733743,0.272038,0.821520,1.001403,-0.171388,-0.584352,0.998151,-0.396189,-1.022610,0.992786,-0.370192,-0.319025,0.008780,1.515500,0.043264,1.942097,0.026344,-0.048911,-0.068424,0.180301,0.124226,-0.048630,0.511591,1.261784,0.965758,-0.797355,-0.779256
-0.994210,-0.817135,-0.352739,0.611872,-0.745287,-0.578593,1.067915,0.472506,0.344959,1.300096,0.294424,-0.323331,0.796694,0.133696,1.112223,-0.921292,1.002480,-0.793160,-0.719777,0.268244,0.821520,1.020369,-0.170938,-0.579117,1.007721,-0.428402,-1.038361,1.002329,-0.365574,-0.319025,-0.031022,1.582784,0.179986,1.956087,-0.003940,-0.073093,-0.091232,0.180301,0.124226,-0.072819,0.598638,1.386272,1.022750,-0.797355,-0.779256
-0.958533,-0.774528,-0.343754,0.417961,-0.819058,-0.683851,0.612149,0.632553,0.496003,1.128791,0.304958,-0.508525,1.128618,-0.122101,1.059748,-0.846218,0.532268,-0.835721,-0.750790,0.276668,0.821520,0.978254,-0.171938,-0.590742,0.986471,-0.356872,-1.003384,0.981139,-0.375827,-0.319025,0.057359,1.433377,-0.123610,1.925022,0.063307,-0.019396,-0.040585,0.180301,0.124226,-0.019106,0.405347,1.109842,0.896197,-0.797355,-0.779256
-1.054333,-0.950055,-0.225395,0.284743,-0.515147,-0.414938,0.371321,0.391619,0.282776,0.732395,0.337113,-0.532084,0.683704,-0.011834,0.750490,-0.832428,0.221064,-0.568810,-0.356109,0.260089,0.800746,0.920175,-0.143417,-0.492827,1.134981,-0.528424,-0.936753,1.129229,-0.381912,0.118666,-0.060641,1.136505,0.173164,1.494507,-0.022051,-0.087999,-0.105608,0.180301,0.124226,-0.087719,0.160020,0.618483,0.487193,-0.716042,-0.597339
-1.133247,-1.091421,-0.135412,0.209495,-0.270385,-0.192699,0.250190,0.183195,0.096986,0.451035,0.360413,-0.524020,0.293667,0.109409,0.519485,-0.832428,0.047720,-0.356995,-0.047420,0.246113,0.784730,0.881361,-0.121286,-0.415689,1.252491,-0.670821,-0.890333,1.246407,-0.385152,0.456124,-0.164137,0.928778,0.444972,1.166980,-0.097386,-0.148497,-0.162913,0.180301,0.124226,-0.148226,-0.001752,0.278795,0.189774,-0.653350,-0.457082
-1.062225,-0.964194,-0.216395,0.277217,-0.490666,-0.392710,0.359206,0.370773,0.264194,0.704254,0.339444,-0.531277,0.644693,0.000293,0.727385,-0.832428,0.203726,-0.547625,-0.325235,0.258691,0.799144,0.916293,-0.141204,-0.485112,1.146734,-0.542666,-0.932110,1.140949,-0.382236,0.152417,-0.070993,1.115729,0.200349,1.461748,-0.029586,-0.094050,-0.111340,0.180301,0.124226,-0.093771,0.143840,0.584508,0.457446,-0.709772,-0.583311
-1.043626,-0.930876,-0.237603,0.294952,-0.548354,-0.445089,0.387755,0.419897,0.307982,0.770567,0.333952,-0.533178,0.736621,-0.028283,0.781831,-0.832428,0.244582,-0.597548,-0.397990,0.261985,0.802919,0.925441,-0.146420,-0.503293,1.119038,-0.509104,-0.943051,1.113331,-0.381472,0.072882,-0.046600,1.164688,0.136287,1.538943,-0.011831,-0.079791,-0.097833,0.180301,0.124226,-0.079510,0.181968,0.664569,0.527544,-0.724548,-0.616368
-1.106308,-1.043163,-0.166129,0.235182,-0.353938,-0.268564,0.291540,0.254344,0.160409,0.547082,0.352459,-0.526773,0.426813,0.068021,0.598342,-0.832428,0.106893,-0.429302,-0.152796,0.250884,0.790197,0.894610,-0.128841,-0.442022,1.212377,-0.622211,-0.906179,1.206406,-0.384046,0.340927,-0.128807,0.999689,0.352185,1.278787,-0.071669,-0.127845,-0.143351,0.180301,0.124226,-0.127571,0.053471,0.394753,0.291303,-0.674751,-0.504961
-1.017583,-0.884223,-0.267298,0.319785,-0.629129,-0.518431,0.427730,0.488680,0.369295,0.863420,0.326263,-0.535839,0.865338,-0.068295,0.858066,-0.832428,0.301788,-0.667450,-0.499862,0.266597,0.808205,0.938250,-0.153723,-0.528749,1.080258,-0.462112,-0.958370,1.074661,-0.380403,-0.038484,-0.012445,1.233241,0.046586,1.647032,0.013031,-0.059826,-0.078922,0.180301,0.124226,-0.059542,0.235355,0.776671,0.625696,-0.745237,-0.662655
-1.090813,-1.015405,-0.183798,0.249958,-0.401999,-0.312202,0.315325,0.295269,0.196889,0.602328,0.347884,-0.528356,0.503398,0.044214,0.643701,-0.832428,0.140931,-0.470893,-0.213409,0.253628,0.793342,0.902232,-0.133187,-0.457168,1.189303,-0.594251,-0.915294,1.183397,-0.383410,0.274665,-0.108485,1.040477,0.298814,1.343098,-0.056877,-0.115966,-0.132099,0.180301,0.124226,-0.115690,0.085236,0.461453,0.349703,-0.687061,-0.532501
-0.774914,-0.555239,-0.366877,0.551182,-0.449045,-0.608204,1.105565,0.078461,-0.009684,1.097526,0.237187,0.210125,0.571832,0.475752,1.077344,-0.832428,-0.072701,-0.597104,-0.756487,0.543022,0.246510,-0.097798,-0.148948,-0.631339,1.263812,-0.533070,0.021444,1.257696,-0.377710,-0.319025,-0.265522,1.525987,0.777294,1.658932,-0.158361,-0.192899,-0.203582,0.068552,-2.378930,-0.192877,0.335272,1.008252,1.605718,-0.797355,-0.779256
-0.916959,-0.724877,-0.347003,0.415736,-0.756745,-0.684400,0.642578,0.546545,0.418243,1.097364,0.293106,-0.393676,1.067406,-0.041548,1.055495,-0.832428,0.343325,-0.794798,-0.756487,0.330591,0.707792,0.759221,-0.167538,-0.600484,1.038194,-0.381180,-0.795534,1.032715,-0.377710,-0.319025,0.006522,1.429677,0.009838,1.867816,0.029373,-0.045799,-0.065360,0.158199,-0.370861,-0.045561,0.363005,1.049015,1.017881,-0.797355,-0.779256
-0.918378,-0.726572,-0.346805,0.414382,-0.759820,-0.685162,0.637952,0.551223,0.422520,1.097362,0.293665,-0.399710,1.072358,-0.046718,1.055277,-0.832428,0.347482,-0.796773,-0.756487,0.328468,0.712402,0.767785,-0.167724,-0.600176,1.035939,-0.379663,-0.803699,1.030467,-0.377710,-0.319025,0.009241,1.428715,0.002169,1.869903,0.031249,-0.044329,-0.063979,0.159095,-0.350794,-0.044089,0.363282,1.049422,1.012007,-0.797355,-0.779256
-0.706563,-0.473611,-0.376439,0.616357,-0.300983,-0.571539,1.328350,-0.146777,-0.215599,1.097605,0.210279,0.500668,0.333366,0.724673,1.087857,-0.832428,-0.272888,-0.501976,-0.756487,0.645242,0.024545,-0.510188,-0.140003,-0.646186,1.372378,-0.606158,0.414567,1.365955,-0.377710,-0.319025,-0.396427,1.572330,1.146587,1.558419,-0.248696,-0.263682,-0.270093,0.025415,-3.345194,-0.263765,0.321928,0.988638,1.888580,-0.797355,-0.779256
-0.771096,-0.550680,-0.367411,0.554822,-0.440775,-0.606156,1.118009,0.065880,-0.021186,1.097531,0.235684,0.226354,0.558511,0.489656,1.077931,-0.832428,-0.083883,-0.591791,-0.756487,0.548732,0.234111,-0.120834,-0.148449,-0.632169,1.269877,-0.537152,0.043403,1.263743,-0.377710,-0.319025,-0.272834,1.528576,0.797922,1.653318,-0.163406,-0.196853,-0.207297,0.066142,-2.432903,-0.196837,0.334527,1.007157,1.621518,-0.797355,-0.779256
-0.941584,-0.754287,-0.343558,0.392254,-0.810090,-0.697610,0.562313,0.627695,0.492431,1.097336,0.302801,-0.498354,1.153321,-0.131230,1.051707,-0.832428,0.415449,-0.829071,-0.756487,0.293762,0.787762,0.907798,-0.170761,-0.595135,0.999079,-0.354848,-0.937170,0.993711,-0.377710,-0.319025,0.053685,1.412980,-0.123212,1.904029,0.061920,-0.020297,-0.041398,0.173741,-0.022731,-0.020021,0.367813,1.056082,0.915970,-0.797355,-0.779256
-0.851027,-0.646138,-0.356228,0.478604,-0.613923,-0.649033,0.857478,0.329279,0.219616,1.097439,0.267150,-0.113416,0.837380,0.198562,1.065636,-0.832428,0.150222,-0.703036,-0.756487,0.429193,0.493683,0.361427,-0.158910,-0.614806,1.142917,-0.451681,-0.416325,1.137142,-0.377710,-0.319025,-0.119750,1.474380,0.366061,1.770861,-0.057765,-0.114077,-0.129517,0.116588,-1.302927,-0.113939,0.350133,1.030095,1.290732,-0.797355,-0.779256
-0.842243,-0.635648,-0.357457,0.486980,-0.594896,-0.644321,0.886108,0.300335,0.193155,1.097449,0.263693,-0.076079,0.806735,0.230550,1.066988,-0.832428,0.124497,-0.690812,-0.756487,0.442329,0.465159,0.308432,-0.157760,-0.616714,1.156868,-0.461074,-0.365807,1.151054,-0.377710,-0.319025,-0.136572,1.480336,0.413517,1.757944,-0.069374,-0.123173,-0.138064,0.111045,-1.427098,-0.123049,0.348418,1.027574,1.327081,-0.797355,-0.779256
-0.763642,-0.541778,-0.368454,0.561930,-0.424628,-0.602158,1.142305,0.041316,-0.043642,1.097539,0.232749,0.258039,0.532506,0.516802,1.079078,-0.832428,-0.105714,-0.581416,-0.756487,0.559879,0.209905,-0.165807,-0.147473,-0.633788,1.281716,-0.545123,0.086275,1.275549,-0.377710,-0.319025,-0.287110,1.533630,0.838195,1.642357,-0.173258,-0.204572,-0.214550,0.061438,-2.538279,-0.204568,0.333072,1.005018,1.652365,-0.797355,-0.779256
-0.888480,-0.690866,-0.350988,0.442892,-0.695054,-0.669123,0.735403,0.452699,0.332448,1.097396,0.281895,-0.272619,0.968047,0.062166,1.059876,-0.832428,0.259915,-0.755162,-0.756487,0.373181,0.615309,0.587396,-0.163811,-0.606670,1.083428,-0.411633,-0.631737,1.077822,-0.377710,-0.319025,-0.048020,1.448986,0.163706,1.825937,-0.008266,-0.075292,-0.093073,0.140226,-0.773461,-0.075097,0.357445,1.040842,1.135737,-0.797355,-0.779256
